827695882	01.02.2022	20220000043493
827695882	14.12.2021	20210000759629
827695882	13.12.2021	20210000758830
827695882	09.09.2021	20210000542775
827696102	12.09.2023	20230000691263
827696722	13.06.2026	20260000374802
827696722	09.02.2026	20260000047838
827696722	13.01.2026	20260000010758
827696722	01.07.2025	20250000505209
827696722	22.06.2024	20240000579062
827696722	01.01.2024	20240000065959
827696722	22.05.2023	20230000265713
827696722	15.06.2022	20220000326051
827696722	09.09.2021	20210000542813
827696862	01.07.2025	20250000505210
827696862	30.07.2024	20240000776891
827696862	17.07.2023	20230000510081
827696862	13.07.2022	20220000463843
827696862	03.12.2021	20210000747418
827696862	01.10.2021	20210000612993
827696862	09.09.2021	20210000542815
827697532	01.01.2024	20240000176144
827697532	12.05.2022	20220000204325
827697532	09.09.2021	20210000542844
827698792	10.06.2025	20250000392815
827698792	04.06.2024	20240000503169
827698792	01.01.2024	20240000112480
827698792	16.05.2023	20230000258837
827698792	09.06.2022	20220000300448
827698792	23.11.2021	20210000732409
827698792	17.09.2021	20210000564409
827698792	13.09.2021	20210000550965
827699012	03.06.2026	20260000342001
827699012	21.04.2026	20260000191876
827699012	10.04.2025	20250000179968
827699012	03.06.2024	20240000490482
827699012	01.06.2023	20230000308374
827699012	13.06.2022	20220000314208
827699012	09.09.2021	20210000544913
827699292	30.06.2025	20250000493515
827699292	24.06.2024	20240000585917
827699292	29.06.2023	20230000426836
827699292	26.09.2022	20220000670343
827699292	23.07.2022	20220000505273
827699292	15.09.2021	20210000557698
827699292	11.09.2021	20210000550227
827699632	12.06.2026	20260000373551
827699632	20.09.2025	20250000751092
827699632	27.05.2025	20250000331072
827699632	21.05.2024	20240000429095
827699632	01.01.2024	20240000166815
827699632	15.06.2023	20230000364812
827699632	25.07.2022	20220000513427
827699632	10.09.2021	20210000545079
827699772	09.02.2026	20260000048478
827699772	30.12.2025	20250000900353
827699772	20.03.2025	20250000131397
827699772	13.02.2025	20250000058327
827699772	14.02.2024	20240000249254
827699772	01.01.2024	20240000184422
827699772	01.03.2023	20230000091086
827699772	09.04.2022	20220000145327
827699772	10.09.2021	20210000545130
827700002	02.06.2026	20260000333590
827700002	18.02.2026	20260000065202
827700002	13.09.2025	20250000738959
827700002	19.07.2025	20250000600719
827700002	04.07.2024	20240000656130
827700002	01.01.2024	20240000071682
827700002	09.08.2023	20230000617408
827700002	23.08.2022	20220000618710
827700002	02.07.2022	20220000404972
827700002	27.09.2021	20210000591897
827700002	10.09.2021	20210000545389
827700592	24.03.2026	20260000137987
827700592	24.04.2025	20250000199571
827700592	04.04.2024	20240000327398
827700592	23.11.2023	20230000795574
827700592	27.04.2023	20230000212596
827700592	13.07.2022	20220000463844
827700592	11.09.2021	20210000550407
827702722	01.06.2026	20260000323646
827702722	11.05.2026	20260000255360
827702722	04.03.2026	20260000093308
827702722	11.03.2025	20250000108778
827702722	20.02.2024	20240000256892
827702722	01.01.2024	20240000122499
827702722	13.04.2023	20230000179780
827702722	10.03.2023	20230000109500
827702722	27.07.2022	20220000525801
827702722	22.04.2022	20220000157804
827702722	10.09.2021	20210000545665
827703362	17.03.2026	20260000119376
827703362	04.03.2025	20250000094981
827703362	29.05.2024	20240000464916
827703362	30.05.2023	20230000293093
827703362	27.09.2022	20220000672654
827703362	10.09.2021	20210000545690
827704512	27.05.2002	20100000357308
827704512	07.09.2000	20000000246669
827704512	11.08.2000	20000000220725
827704512	01.03.2000	20000000035510
827704962	02.05.2026	20260000226974
827704962	24.03.2026	20260000137988
827704962	16.12.2025	20250000884347
827704962	15.09.2025	20250000741480
827704962	19.06.2025	20250000437375
827704962	22.08.2024	20240000850495
827704962	12.06.2024	20240000535561
827704962	11.09.2023	20230000689643
827704962	21.06.2023	20230000384386
827704962	22.12.2022	20220000799232
827704962	02.06.2022	20220000277886
827704962	03.01.2022	20220000002339
827704962	09.11.2021	20210000708982
827704962	11.09.2021	20210000550219
827705322	01.01.2024	20240000118834
827705322	10.09.2021	20210000545927
827706442	26.06.2025	20250000472695
827706442	27.05.2023	20230000290891
827706442	11.09.2021	20210000546029
827707082	27.05.2026	20260000304167
827707082	29.07.2025	20250000640359
827707082	15.07.2024	20240000707721
827707082	18.09.2023	20230000699825
827707082	02.08.2022	20220000557327
827707082	13.01.2022	20220000020356
827707082	08.11.2021	20210000708480
827707082	11.09.2021	20210000546275
827707112	23.03.2025	20250000135174
827707112	11.09.2021	20210000546219
827707392	27.02.2023	20230000080588
827707392	11.09.2021	20210000546322
827707422	24.07.2025	20250000620581
827707422	08.03.2025	20250000101889
827707422	01.01.2024	20240000122501
827707422	06.09.2023	20230000683292
827707422	28.03.2023	20230000146364
827707422	02.07.2022	20220000404973
827707422	04.04.2022	20220000134671
827707422	11.09.2021	20210000546330
827707562	19.05.2025	20250000286417
827707562	11.09.2021	20210000546363
827707732	23.05.2026	20260000292964
827707732	16.07.2025	20250000591184
827707732	17.06.2024	20240000553422
827707732	19.06.2023	20230000373195
827707732	23.06.2022	20220000364294
827707732	04.11.2021	20210000701529
827707732	21.09.2021	20210000571917
827707872	19.07.2025	20250000600720
827707872	14.11.2024	20240000974642
827707872	17.06.2024	20240000553423
827707872	19.06.2023	20230000373196
827707872	27.06.2022	20220000377823
827707872	04.11.2021	20210000701524
827707872	21.09.2021	20210000571912
827707902	13.04.2026	20260000173126
827707902	12.04.2026	20260000169683
827707902	20.05.2025	20250000298306
827707902	10.03.2025	20250000104547
827707902	18.09.2023	20230000699826
827707902	30.08.2022	20220000630478
827707902	25.08.2022	20220000623364
827707902	05.07.2022	20220000420281
827707902	11.11.2021	20210000714312
827707902	23.09.2021	20210000578197
827708232	18.06.2019	20190000345661
827708232	21.05.2019	20190000241114
827708232	01.01.2018	20180000028024
827708232	29.11.2017	20170000655903
827709042	12.05.2026	20260000260274
827709042	19.02.2026	20260000068023
827709042	24.07.2025	20250000619624
827709042	10.05.2025	20250000242062
827709042	23.07.2024	20240000748069
827709042	09.05.2023	20230000238074
827709042	27.02.2023	20230000080899
827709042	10.10.2022	20220000687748
827709042	25.04.2022	20220000161174
827709042	27.01.2022	20220000039776
827709042	28.12.2021	20210000778379
827709042	11.09.2021	20210000546719
827709182	11.09.2021	20210000550194
827709352	21.07.2025	20250000604825
827709352	01.08.2024	20240000790658
827709352	31.07.2023	20230000572793
827709352	06.05.2023	20230000229533
827709352	06.10.2022	20220000684267
827709352	19.07.2022	20220000486798
827709352	11.09.2021	20210000550232
827710482	02.06.2026	20260000333591
827710482	04.06.2025	20250000377393
827710482	14.05.2024	20240000418678
827710482	21.06.2023	20230000384387
827710482	02.07.2022	20220000404974
827710482	13.09.2021	20210000550967
827710822	24.02.2026	20260000077553
827710822	05.03.2025	20250000097188
827710822	03.06.2024	20240000489869
827710822	16.03.2024	20240000299628
827710822	01.01.2024	20240000138637
827710822	25.03.2023	20230000141296
827710822	01.10.2021	20210000613161
827711462	09.06.2026	20260000358122
827711462	23.07.2025	20250000617025
827711462	24.06.2024	20240000585918
827711462	09.08.2023	20230000616955
827711462	08.06.2023	20230000338274
827711462	26.08.2022	20220000624593
827711462	18.06.2022	20220000338625
827711462	17.03.2021	20210000106914
827711462	24.06.2020	20200000613229
827711462	03.06.2019	20190000285064
827711462	26.04.2018	20180000200473
827711462	04.05.2017	20170000165526
827711462	09.09.2016	20160000497078
827711462	21.05.2016	20160000176874
827711462	16.02.2016	20160000045459
827711462	02.07.2015	20150000266294
827711462	22.07.2014	20140000313163
827711462	18.07.2014	20140000309224
827711462	27.04.2013	20130000124242
827711462	26.06.2012	20120000228862
827711462	26.05.2011	20110000146093
827711462	09.06.2010	20100000188319
827711462	07.01.2010	20100000016910
827711462	07.07.2009	20090000226681
827711462	04.12.2008	20080000506432
827711462	20.05.2008	20080000144433
827711462	08.09.2007	20070000362603
827711462	01.09.2007	20070000337646
827711462	15.08.2007	20070000293873
827711462	29.07.2006	20060000307040
827711462	29.06.2005	20050000173496
827711462	03.08.2004	20040000299244
827711462	14.01.2004	20040000013477
827711462	25.09.2003	20030000323574
827711462	26.07.2003	20030000230647
827711462	25.07.2002	20020000224992
827711462	10.08.2001	20010000251232
827711462	04.08.2000	20000000204614
827711462	27.03.2000	20000000052481
827711632	27.09.2024	20240000905833
827711632	14.08.2024	20240000832264
827711632	03.07.2024	20240000648319
827711632	16.08.2023	20230000637827
827711632	17.11.2022	20220000745007
827711632	13.09.2021	20210000551586
827712272	02.06.2025	20250000356392
827712272	29.06.2024	20240000618263
827712272	01.01.2024	20240000106829
827712272	22.08.2023	20230000652325
827712272	28.05.2022	20220000248901
827712272	13.09.2021	20210000551720
827712922	14.08.2025	20250000696926
827712922	23.07.2024	20240000748070
827712922	26.08.2023	20230000663104
827712922	14.06.2023	20230000359697
827712922	02.08.2022	20220000557328
827712922	13.01.2022	20220000020380
827712922	08.11.2021	20210000708481
827712922	13.09.2021	20210000551307
827713112	01.06.2026	20260000325272
827713112	26.08.2025	20250000714334
827713112	19.04.2025	20250000191092
827713112	17.06.2024	20240000553424
827713112	01.01.2024	20240000067717
827713112	13.05.2023	20230000249381
827713112	20.06.2022	20220000344602
827713112	13.09.2021	20210000551185
827715522	22.12.2025	20250000895033
827715522	27.09.2025	20250000761449
827715522	01.01.2024	20240000132013
827715522	13.09.2021	20210000551570
827716162	31.07.2025	20250000652778
827716162	17.07.2025	20250000594804
827716162	03.08.2024	20240000799419
827716162	01.01.2024	20240000098422
827716162	17.08.2023	20230000641085
827716162	16.08.2023	20230000637828
827716162	02.08.2022	20220000557329
827716162	13.09.2021	20210000551699
827717622	07.01.2026	20260000004414
827717622	07.07.2025	20250000544692
827717622	10.01.2025	20250000013041
827717622	13.06.2024	20240000541433
827717622	20.09.2023	20230000702551
827717622	03.08.2023	20230000601545
827717622	25.06.2022	20220000371807
827717622	14.09.2021	20210000554932
827718122	16.02.2024	20240000251361
827718122	21.09.2021	20210000570786
827719102	07.02.2026	20260000046790
827719102	13.02.2025	20250000058328
827719102	22.02.2024	20240000260463
827719102	01.01.2024	20240000116498
827719102	29.03.2023	20230000152861
827719102	14.03.2022	20220000099783
827719102	14.09.2021	20210000555194
827720062	21.02.2026	20260000071768
827720062	18.02.2025	20250000067275
827720062	16.03.2024	20240000299629
827720062	03.07.2023	20230000440612
827720062	14.09.2021	20210000555344
827722022	21.01.2012	20120000020060
827722022	05.10.2011	20110000466384
827722022	01.10.2011	20110000460992
827722022	05.04.2011	20110000083755
827722022	30.03.2011	20110000076850
827722022	25.02.2011	20110000048064
827722022	22.02.2011	20110000045342
827722022	28.01.2010	20100000034789
827722022	24.11.2009	20090000492764
827722022	27.06.2009	20090000201473
827722022	15.07.2008	20080000261626
827722022	06.08.2007	20070000271202
827722022	19.07.2006	20060000283260
827722022	03.01.2006	20060000003546
827722022	11.06.2005	20050000137097
827722022	09.06.2005	20050000133300
827722022	04.09.2004	20040000344257
827722022	01.09.2003	20030000294368
827722022	10.07.2002	20020000194476
827722022	06.02.2002	20020000034644
827722022	02.01.2002	20020000001445
827722022	19.07.2001	20010000191629
827722022	23.10.2000	20000000311296
827722022	28.09.2000	20000000279387
827722022	24.05.2000	20000000092943
827722502	02.06.2026	20260000333592
827722502	04.06.2025	20250000377394
827722502	03.06.2024	20240000490483
827722502	01.08.2023	20230000579937
827722502	07.07.2022	20220000436681
827722502	14.09.2021	20210000555571
827723002	05.05.2026	20260000237146
827723002	30.04.2025	20250000217073
827723002	27.05.2024	20240000450992
827723002	01.06.2023	20230000308375
827723002	28.12.2022	20220000802892
827723002	08.06.2022	20220000297102
827723002	14.09.2021	20210000555608
827723622	21.09.2025	20250000752054
827723622	26.07.2025	20250000629249
827723622	13.06.2025	20250000409037
827723622	01.08.2024	20240000790659
827723622	08.07.2024	20240000672726
827723622	11.01.2024	20240000202463
827723622	02.08.2023	20230000587422
827723622	05.08.2022	20220000576378
827723622	12.07.2022	20220000458165
827723622	03.11.2021	20210000700587
827723622	14.09.2021	20210000555648
827726532	10.07.2025	20250000567553
827726532	01.07.2025	20250000505211
827726532	13.09.2024	20240000884019
827726532	19.06.2024	20240000564263
827726532	30.05.2023	20230000293094
827726532	19.09.2022	20220000659509
827726532	04.06.2022	20220000286500
827726532	11.04.2022	20220000146971
827726532	15.09.2021	20210000557589
827726672	07.03.2022	20220000089023
827726672	17.01.2022	20220000022760
827726672	14.10.2021	20210000653993
827726672	15.09.2021	20210000558031
827726702	07.03.2022	20220000089022
827726702	13.01.2022	20220000019620
827726702	14.10.2021	20210000653990
827726702	15.09.2021	20210000557469
827726982	21.03.2026	20260000131395
827726982	14.06.2025	20250000410716
827726982	15.06.2024	20240000547853
827726982	01.01.2024	20240000140041
827726982	10.06.2023	20230000343479
827726982	21.09.2022	20220000664424
827726982	15.09.2021	20210000557593
827727202	26.06.2025	20250000473862
827727202	15.06.2024	20240000547854
827727202	19.06.2023	20230000373197
827727202	20.06.2022	20220000344603
827727202	15.09.2021	20210000557633
827727512	10.07.2025	20250000568246
827727512	04.07.2024	20240000656131
827727512	01.01.2024	20240000118838
827727512	04.07.2023	20230000457606
827727512	21.07.2022	20220000496307
827727512	22.09.2021	20210000573651
827727512	15.09.2021	20210000560451
827727792	04.08.2025	20250000666642
827727792	01.06.2024	20240000481528
827727792	24.06.2023	20230000395437
827727792	02.06.2022	20220000277887
827727792	15.09.2021	20210000557809
827728292	19.07.2025	20250000600721
827728292	16.07.2024	20240000715623
827728292	31.07.2023	20230000572794
827728292	24.08.2022	20220000621542
827728292	15.09.2021	20210000557861
827728802	29.11.2023	20230000803381
827728802	12.10.2023	20230000738531
827728802	26.07.2023	20230000551625
827728802	08.08.2022	20220000582796
827728802	15.09.2021	20210000557920
827729302	02.07.2025	20250000516611
827729302	31.07.2024	20240000782853
827729302	02.08.2023	20230000587423
827729302	26.07.2022	20220000520446
827729302	13.10.2021	20210000650906
827729302	15.09.2021	20210000557922
827729582	27.05.2026	20260000304168
827729582	23.06.2025	20250000450869
827729582	05.12.2024	20240001007705
827729582	28.08.2024	20240000859135
827729582	05.08.2023	20230000605263
827729582	09.07.2022	20220000444053
827729582	15.09.2021	20210000557930
827730432	21.06.2025	20250000444401
827730432	01.07.2024	20240000629075
827730432	03.07.2023	20230000440613
827730432	22.05.2023	20230000265714
827730432	30.05.2022	20220000254815
827730432	15.09.2021	20210000558005
827731072	16.03.2026	20260000116374
827731072	14.02.2026	20260000059040
827731072	26.04.2025	20250000203296
827731072	14.03.2024	20240000295043
827731072	09.02.2023	20230000054470
827731072	02.03.2022	20220000084422
827731072	15.09.2021	20210000558059
827731102	21.05.2026	20260000287309
827731102	10.04.2025	20250000179969
827731102	26.08.2024	20240000854334
827731102	18.05.2024	20240000425451
827731102	22.05.2023	20230000265715
827731102	16.03.2023	20230000119374
827731102	14.05.2022	20220000211244
827731102	15.09.2021	20210000558041
827731382	27.05.2026	20260000304169
827731382	02.06.2025	20250000356393
827731382	07.05.2024	20240000404574
827731382	15.06.2023	20230000364813
827731382	15.09.2021	20210000558119
827731412	14.09.2024	20240000885733
827731412	13.09.2024	20240000884190
827731412	16.05.2024	20240000424815
827731412	15.03.2024	20240000296311
827731412	01.01.2024	20240000159164
827731412	20.06.2022	20220000344604
827731412	15.09.2021	20210000558061
827731552	29.03.2025	20250000149868
827731552	26.06.2024	20240000601774
827731552	01.01.2024	20240000078619
827731552	12.06.2023	20230000349316
827731552	18.07.2022	20220000480115
827731552	15.09.2021	20210000558078
827731862	12.11.2025	20250000831214
827731862	04.10.2025	20250000772657
827731862	07.07.2025	20250000544693
827731862	01.06.2024	20240000481529
827731862	01.01.2024	20240000078620
827731862	22.07.2023	20230000531217
827731862	22.09.2022	20220000665685
827731862	27.06.2022	20220000377824
827731862	11.02.2022	20220000058710
827731862	15.09.2021	20210000558082
827732672	18.05.2026	20260000272527
827732672	05.02.2026	20260000044228
827732672	29.11.2025	20250000855090
827732672	03.04.2025	20250000163343
827732672	29.10.2024	20240000954929
827732672	01.10.2024	20240000909967
827732672	29.07.2024	20240000771626
827732672	23.05.2024	20240000439546
827732672	25.07.2023	20230000545876
827732672	15.09.2021	20210000558139
827732702	12.05.2026	20260000259358
827732702	16.06.2025	20250000416765
827732702	13.07.2024	20240000702035
827732702	13.06.2023	20230000355576
827732702	01.08.2022	20220000547867
827732702	15.09.2021	20210000558138
827732982	27.05.2026	20260000304170
827732982	27.03.2025	20250000145965
827732982	17.03.2025	20250000122609
827732982	21.03.2024	20240000310262
827732982	14.09.2023	20230000694656
827732982	24.04.2023	20230000202970
827732982	03.04.2023	20230000167014
827732982	22.03.2023	20230000135868
827732982	13.07.2022	20220000463845
827732982	15.09.2021	20210000558165
827733202	29.07.2024	20240000771726
827733202	01.01.2024	20240000098444
827733202	24.05.2023	20230000276805
827733202	12.07.2022	20220000458166
827733202	25.01.2022	20220000036100
827733202	08.12.2021	20210000754760
827733202	20.10.2021	20210000667862
827733202	15.09.2021	20210000558169
827733482	30.11.2022	20220000763292
827733482	13.10.2022	20220000693581
827733482	29.09.2022	20220000675979
827733482	07.03.2022	20220000089142
827733482	29.01.2022	20220000041426
827733482	15.09.2021	20210000558188
827733652	28.06.2024	20240000616261
827733652	12.10.2023	20230000738041
827733652	03.10.2023	20230000723121
827733652	02.08.2023	20230000587424
827733652	05.07.2022	20220000421777
827733652	15.09.2021	20210000558212
827734012	01.12.2022	20220000764928
827734012	12.10.2022	20220000692104
827734012	16.09.2021	20210000563612
827744352	05.11.2018	20180000700414
827744352	06.10.2018	20180000654684
827748242	21.07.2025	20250000604826
827748242	25.06.2024	20240000594934
827748242	10.07.2023	20230000482318
827748242	05.07.2022	20220000421778
827748242	15.09.2021	20210000558216
827748692	14.11.2023	20230000784205
827748692	13.09.2023	20230000693914
827748692	13.06.2023	20230000355577
827748692	08.06.2023	20230000337324
827748692	20.04.2022	20220000153566
827748692	07.04.2022	20220000143213
827748692	16.09.2021	20210000561009
827749052	11.03.2026	20260000108359
827749052	02.03.2026	20260000087569
827749052	30.06.2025	20250000493516
827749052	01.07.2024	20240000629076
827749052	28.10.2023	20230000762036
827749052	22.07.2023	20230000531218
827749052	27.08.2022	20220000625666
827749052	24.06.2022	20220000370287
827749052	28.05.2022	20220000248652
827749052	23.03.2022	20220000114698
827749052	04.11.2021	20210000701931
827749052	16.09.2021	20210000560651
827749672	23.08.2025	20250000710819
827749672	22.07.2024	20240000742333
827749672	20.12.2023	20230000831890
827749672	10.07.2023	20230000482319
827749672	12.05.2022	20220000204679
827749672	22.10.2021	20210000671525
827749672	16.09.2021	20210000560694
827749702	26.05.2026	20260000298320
827749702	08.11.2025	20250000824981
827749702	10.07.2025	20250000568247
827749702	19.11.2024	20240000983617
827749702	01.10.2024	20240000910680
827749702	18.07.2024	20240000728614
827749702	14.08.2023	20230000628463
827749702	08.08.2022	20220000582797
827749702	09.12.2021	20210000756368
827749702	21.10.2021	20210000668772
827749702	20.10.2021	20210000665475
827749702	16.09.2021	20210000560695
827750522	27.03.2023	20230000146348
827750522	09.08.2022	20220000589053
827750522	06.05.2022	20220000189857
827750522	25.11.2021	20210000734543
827750522	11.10.2021	20210000643849
827750522	16.09.2021	20210000560776
827750832	23.01.2025	20250000031432
827750832	05.12.2024	20240001007479
827750832	03.08.2024	20240000799420
827750832	23.05.2024	20240000438294
827750832	24.04.2023	20230000203893
827750832	13.07.2022	20220000463846
827750832	10.12.2021	20210000757154
827750832	16.09.2021	20210000560880
827751782	01.01.2024	20240000098448
827751782	16.09.2021	20210000560923
827751812	25.08.2025	20250000713785
827751812	02.10.2024	20240000911259
827751812	31.07.2024	20240000782854
827751812	01.01.2024	20240000002191
827751812	28.12.2023	20230000838196
827751812	27.12.2023	20230000837140
827751812	28.06.2023	20230000418892
827751812	04.07.2022	20220000413978
827751812	16.09.2021	20210000560925
827752142	02.02.2026	20260000039203
827752142	25.02.2025	20250000081062
827752142	20.02.2024	20240000256893
827752142	06.02.2023	20230000048614
827752142	26.02.2022	20220000078319
827752142	16.09.2021	20210000560970
827752282	31.07.2025	20250000652779
827752282	20.11.2024	20240000985203
827752282	12.09.2024	20240000883837
827752282	22.08.2024	20240000850576
827752282	01.08.2024	20240000790660
827752282	15.08.2023	20230000633239
827752282	06.07.2022	20220000429987
827752282	23.03.2022	20220000116553
827752282	29.10.2021	20210000688828
827753122	17.04.2024	20240000356841
827753122	02.01.2023	20230000001758
827753122	16.09.2021	20210000561042
827753262	16.09.2021	20210000561043
827754722	14.06.2024	20240000546517
827754722	02.04.2024	20240000323455
827754722	01.01.2024	20240000065973
827754722	16.09.2021	20210000561209
827757012	22.03.2025	20250000133854
827757012	27.07.2024	20240000765375
827757012	01.01.2024	20240000086608
827757012	08.05.2023	20230000234639
827757012	17.09.2021	20210000564089
827757462	26.09.2024	20240000904072
827757462	23.09.2024	20240000895899
827757462	06.06.2024	20240000513359
827757462	24.04.2024	20240000373451
827757462	01.01.2024	20240000134858
827757462	13.05.2023	20230000249382
827757462	18.06.2022	20220000338626
827757462	16.09.2021	20210000561583
827759422	01.01.2024	20240000165775
827759422	17.09.2021	20210000563830
827759732	30.10.2025	20250000810552
827759732	16.06.2025	20250000416766
827759732	26.06.2024	20240000601775
827759732	14.10.2023	20230000741233
827759732	22.06.2023	20230000389694
827759732	23.05.2023	20230000273279
827759732	13.10.2022	20220000694287
827759732	24.05.2022	20220000238348
827759732	06.04.2022	20220000140923
827759732	07.03.2022	20220000091249
827759732	11.12.2021	20210000758087
827759732	20.10.2021	20210000665778
827759732	16.10.2021	20210000658947
827759732	15.10.2021	20210000656890
827759732	17.09.2021	20210000563947
827760412	11.04.2026	20260000167892
827760412	05.06.2025	20250000383988
827760412	03.07.2024	20240000648320
827760412	01.01.2024	20240000112489
827760412	24.06.2023	20230000395438
827760412	20.06.2022	20220000351006
827760412	15.06.2022	20220000324906
827760412	23.05.2022	20220000232021
827760412	28.12.2021	20210000778724
827760412	18.09.2021	20210000566690
827761192	06.04.2024	20240000332997
827761192	05.04.2024	20240000329076
827761192	26.10.2023	20230000759947
827761192	12.12.2022	20220000781294
827761192	24.08.2022	20220000620974
827761192	25.06.2022	20220000371808
827761192	19.10.2021	20210000664305
827761362	26.05.2026	20260000297480
827761362	06.03.2026	20260000099019
827761362	28.04.2025	20250000210215
827761362	14.05.2024	20240000418679
827761362	21.06.2023	20230000384388
827761362	02.06.2022	20220000277888
827761362	18.09.2021	20210000566703
827761982	27.04.2026	20260000210405
827761982	02.03.2026	20260000088146
827761982	08.12.2025	20250000868810
827761982	06.11.2025	20250000821989
827761982	30.09.2025	20250000765791
827761982	30.06.2025	20250000492079
827761982	27.05.2025	20250000331073
827761982	08.04.2025	20250000173267
827761982	09.12.2024	20240001012110
827761982	15.11.2024	20240000977197
827761982	03.05.2024	20240000394033
827761982	03.04.2024	20240000324695
827761982	22.02.2024	20240000259733
827761982	23.01.2024	20240000219461
827761982	28.12.2023	20230000839257
827761982	24.10.2023	20230000756033
827761982	14.06.2023	20230000360050
827761982	07.06.2023	20230000333182
827761982	13.04.2023	20230000179230
827761982	16.01.2023	20230000019799
827761982	12.12.2022	20220000780614
827761982	10.11.2022	20220000733519
827761982	20.09.2022	20220000661539
827761982	19.09.2022	20220000660322
827761982	08.08.2022	20220000582798
827761982	15.12.2021	20210000762359
827761982	09.12.2021	20210000756214
827761982	28.10.2021	20210000686724
827761982	17.09.2021	20210000564225
827762342	21.05.2026	20260000287310
827762342	26.03.2025	20250000142672
827762342	27.04.2024	20240000379853
827762342	01.01.2024	20240000098451
827762342	02.08.2023	20230000587426
827762342	11.01.2023	20230000014617
827762342	02.08.2022	20220000557331
827762342	31.05.2022	20220000262753
827762342	30.05.2022	20220000253340
827762342	27.04.2022	20220000165327
827762342	28.10.2021	20210000687160
827762342	17.09.2021	20210000564310
827762652	27.10.2025	20250000805130
827762652	01.01.2024	20240000161573
827762652	10.12.2022	20220000779813
827762652	17.09.2021	20210000564303
827764132	22.04.2026	20260000196356
827764132	29.09.2025	20250000763713
827764132	15.09.2025	20250000741357
827764132	02.06.2025	20250000356394
827764132	09.04.2024	20240000338881
827764132	07.03.2023	20230000103147
827764132	23.06.2022	20220000364295
827764132	04.10.2021	20210000622522
827766232	24.07.2025	20250000620582
827766232	07.08.2024	20240000817138
827766232	01.01.2024	20240000106841
827766232	03.07.2023	20230000440614
827766232	28.12.2022	20220000802531
827766232	01.08.2022	20220000547868
827766232	20.09.2021	20210000567368
827769002	03.07.2025	20250000529722
827769002	19.06.2024	20240000564264
827769002	01.01.2024	20240000144865
827769002	22.06.2023	20230000389695
827769002	03.01.2022	20220000002432
827769312	02.02.2026	20260000039204
827769312	31.03.2025	20250000153079
827769312	20.02.2024	20240000256894
827769312	06.02.2023	20230000048615
827769312	02.03.2022	20220000084423
827769312	20.09.2021	20210000567665
827769762	20.02.2026	20260000070249
827769762	08.07.2025	20250000553943
827769762	01.07.2024	20240000629077
827769762	05.07.2023	20230000462450
827769762	23.07.2022	20220000504115
827769762	30.06.2022	20220000397966
827769762	20.11.2021	20210000728324
827769762	03.11.2021	20210000699933
827769762	20.09.2021	20210000570213
827770752	01.01.2024	20240000022516
827770752	23.09.2023	20230000708573
827770752	22.09.2021	20210000573631
827770752	21.09.2021	20210000570531
827771082	10.01.2022	20220000013770
827771082	20.09.2021	20210000567770
827771422	07.01.2026	20260000004830
827771422	27.09.2021	20210000592067
827771732	20.09.2021	20210000567758
827772232	22.01.2026	20260000025539
827772232	30.05.2024	20240000471711
827772232	02.05.2023	20230000217041
827772232	07.10.2021	20210000637418
827773042	07.05.2026	20260000246745
827773042	21.06.2025	20250000444402
827773042	22.07.2024	20240000742334
827773042	02.08.2023	20230000587427
827773042	02.08.2022	20220000557332
827773042	27.09.2021	20210000592255
827774022	04.06.2026	20260000347085
827774022	10.04.2025	20250000179970
827774022	23.05.2024	20240000439547
827774022	01.01.2024	20240000065963
827774022	15.06.2023	20230000364814
827774022	21.02.2022	20220000069783
827774022	21.09.2021	20210000570447
827774782	27.06.2017	20170000324401
827774782	23.05.2017	20170000196035
827774812	21.05.2026	20260000287311
827774812	07.05.2025	20250000232712
827774812	26.04.2025	20250000203297
827774812	21.05.2024	20240000429097
827774812	15.07.2023	20230000505443
827774812	06.06.2023	20230000328912
827774812	21.09.2021	20210000570604
827775452	03.07.2023	20230000439240
827775452	24.06.2023	20230000395439
827775452	21.09.2021	20210000570726
827776742	13.11.2021	20210000716125
827776742	07.10.2021	20210000640454
827777552	09.08.2025	20250000685086
827777552	12.08.2024	20240000827429
827777552	02.10.2023	20230000720570
827777552	06.06.2023	20230000329034
827777552	21.02.2022	20220000069082
827777552	07.10.2021	20210000640456
827777692	18.02.2026	20260000066013
827777692	13.03.2025	20250000113836
827777692	12.03.2024	20240000290519
827777692	21.12.2023	20230000834715
827777692	23.02.2023	20230000074363
827777692	18.02.2023	20230000065792
827777692	17.02.2022	20220000065757
827777692	21.09.2021	20210000570951
827779202	24.07.2025	20250000620583
827779202	13.05.2024	20240000413930
827779202	23.12.2023	20230000836559
827779202	02.08.2023	20230000587428
827779202	21.09.2021	20210000571287
827780332	21.09.2021	20210000571450
827780472	02.07.2025	20250000516612
827780472	20.06.2024	20240000572730
827780472	01.01.2024	20240000027183
827780472	02.08.2023	20230000587429
827780472	21.05.2022	20220000227061
827780472	21.09.2021	20210000571746
827780952	28.07.2025	20250000634021
827780952	24.06.2024	20240000585387
827780952	15.03.2024	20240000296312
827780952	01.01.2024	20240000106844
827780952	03.11.2021	20210000698824
827780952	21.09.2021	20210000571592
827781142	28.04.2026	20260000215749
827781142	30.06.2025	20250000493517
827781142	12.11.2024	20240000972138
827781142	10.09.2024	20240000880426
827781142	14.02.2024	20240000249255
827781142	03.06.2023	20230000316120
827781142	11.04.2022	20220000147067
827781142	21.09.2021	20210000571653
827781312	06.07.2025	20250000543007
827781312	22.12.2021	20210000771795
827781312	21.09.2021	20210000571648
827781592	17.03.2025	20250000122610
827781592	11.04.2024	20240000344123
827781592	08.05.2023	20230000234640
827781592	10.11.2021	20210000711907
827781592	22.09.2021	20210000574203
827782092	04.05.2026	20260000230380
827782092	08.04.2026	20260000160381
827782092	20.02.2025	20250000072170
827782092	19.03.2024	20240000305723
827782092	26.02.2024	20240000263753
827782092	04.05.2023	20230000226324
827782092	04.04.2022	20220000134457
827782092	31.03.2022	20220000130981
827782092	23.09.2021	20210000577351
827782092	21.09.2021	20210000571817
827783072	28.04.2026	20260000215750
827783072	12.04.2025	20250000183383
827783072	03.04.2024	20240000324696
827783072	21.02.2023	20230000069995
827783072	09.03.2022	20220000093786
827783242	22.08.2022	20220000615863
827783242	22.09.2021	20210000573821
827783692	10.04.2025	20250000179971
827783692	12.06.2024	20240000535562
827783692	03.06.2023	20230000316121
827783692	04.07.2022	20220000413979
827783692	22.09.2021	20210000573905
827784362	21.12.2024	20240001032419
827784362	24.10.2024	20240000947333
827784362	29.06.2024	20240000618264
827784362	06.06.2023	20230000329901
827784362	03.06.2023	20230000322645
827784362	27.10.2022	20220000713117
827784362	13.09.2022	20220000650192
827784362	04.08.2022	20220000572858
827784362	24.06.2022	20220000370619
827784362	25.01.2022	20220000035817
827784362	22.09.2021	20210000574279
827784982	29.11.2025	20250000855479
827784982	15.10.2025	20250000790237
827784982	05.07.2025	20250000537520
827784982	24.07.2024	20240000754700
827784982	18.07.2024	20240000727870
827784982	04.07.2023	20230000457608
827784982	01.11.2022	20220000719484
827784982	02.07.2022	20220000404975
827784982	20.01.2022	20220000030674
827784982	06.12.2021	20210000750290
827784982	22.09.2021	20210000574044
827785652	30.08.2023	20230000671304
827785652	22.09.2021	20210000574117
827786942	11.03.2026	20260000108360
827786942	04.03.2025	20250000094982
827786942	05.03.2024	20240000278128
827786942	08.03.2023	20230000105165
827786942	22.09.2021	20210000574240
827788112	02.04.2025	20250000160034
827788112	29.05.2024	20240000464917
827788112	25.05.2023	20230000282732
827788112	30.05.2022	20220000254816
827788112	16.03.2022	20220000103859
827788112	06.12.2021	20210000750476
827788112	22.09.2021	20210000574355
827789232	22.09.2021	20210000574527
827789542	04.05.2026	20260000231907
827789542	06.03.2025	20250000099824
827789542	27.05.2024	20240000450993
827789542	10.04.2024	20240000341185
827789542	30.03.2023	20230000162350
827789542	21.01.2023	20230000029239
827789542	02.08.2022	20220000557333
827789542	22.09.2021	20210000574568
827790532	29.07.2025	20250000640360
827790532	20.06.2024	20240000572731
827790532	31.07.2023	20230000572795
827790532	22.09.2021	20210000574729
827790702	21.04.2026	20260000194938
827790702	17.02.2026	20260000064790
827790702	03.10.2025	20250000771220
827790702	03.07.2025	20250000529723
827790702	20.08.2024	20240000845275
827790702	21.08.2023	20230000648602
827790702	23.05.2022	20220000232022
827790702	19.01.2022	20220000028835
827790702	22.09.2021	20210000574756
827791822	27.08.2025	20250000716397
827791822	22.07.2025	20250000610480
827791822	06.06.2024	20240000513969
827791822	27.06.2023	20230000413214
827791822	07.06.2022	20220000293094
827791822	23.09.2021	20210000583778
827792012	28.05.2026	20260000312453
827792012	03.06.2025	20250000370201
827792012	07.08.2024	20240000817139
827792012	20.01.2024	20240000216192
827792012	08.07.2023	20230000476379
827792012	09.12.2022	20220000778890
827792012	19.11.2022	20220000748801
827792012	19.09.2022	20220000660980
827792012	03.08.2022	20220000568455
827792012	12.01.2022	20220000016301
827792012	07.12.2021	20210000752518
827792012	23.09.2021	20210000577697
827792292	02.08.2023	20230000586182
827792292	09.01.2023	20230000010463
827792292	01.08.2022	20220000547869
827792292	23.09.2021	20210000577526
827794112	14.03.2024	20240000293990
827794112	06.10.2021	20210000633824
827794112	23.09.2021	20210000577842
827794252	30.06.2025	20250000493518
827794252	29.05.2024	20240000464918
827794252	29.07.2023	20230000564723
827794252	23.09.2021	20210000577906
827794872	23.11.2023	20230000795223
827794872	06.10.2023	20230000728681
827794872	27.07.2023	20230000558516
827794872	19.01.2022	20220000027938
827794872	23.09.2021	20210000578431
827795402	15.06.2023	20230000364176
827795402	10.05.2022	20220000196439
827795402	05.10.2021	20210000631611
827796212	25.04.2026	20260000206676
827796212	01.09.2025	20250000721441
827796212	19.05.2025	20250000293605
827796212	13.01.2025	20250000014515
827796212	17.07.2024	20240000721950
827796212	01.01.2024	20240000030804
827796212	14.06.2023	20230000360242
827796212	22.04.2022	20220000157523
827796212	28.03.2022	20220000122956
827796212	23.09.2021	20210000578232
827796352	01.01.2024	20240000178429
827796352	01.06.2023	20230000307981
827796352	23.09.2021	20210000578231
827797022	28.09.2024	20240000906062
827797022	04.11.2022	20220000724188
827797022	23.09.2021	20210000578370
827797332	01.01.2024	20240000098458
827797332	21.11.2022	20220000751041
827797332	23.09.2021	20210000578483
827797472	01.01.2024	20240000058036
827797472	23.09.2021	20210000578484
827797952	02.06.2026	20260000341144
827797952	28.04.2026	20260000215751
827797952	23.06.2025	20250000450870
827797952	19.06.2024	20240000564265
827797952	01.01.2024	20240000169794
827797952	08.05.2023	20230000234641
827797952	23.05.2022	20220000232023
827797952	06.01.2022	20220000008246
827797952	23.09.2021	20210000578559
827798452	27.05.2026	20260000304171
827798452	31.07.2025	20250000652780
827798452	03.08.2024	20240000799421
827798452	02.08.2023	20230000587430
827798452	02.08.2022	20220000557334
827798452	23.09.2021	20210000578778
827798622	05.07.2025	20250000537521
827798622	25.06.2024	20240000594935
827798622	05.06.2023	20230000324167
827798622	01.06.2022	20220000269409
827798622	19.11.2021	20210000725827
827798622	23.09.2021	20210000578810
827801372	11.06.2025	20250000398363
827801372	27.05.2025	20250000331074
827801372	10.01.2025	20250000012835
827801372	18.11.2024	20240000981297
827801372	03.07.2024	20240000648321
827801372	22.05.2023	20230000265716
827801372	05.07.2022	20220000421779
827801372	24.09.2021	20210000585340
827801542	09.12.2023	20230000815102
827801852	16.05.2026	20260000268910
827801852	12.05.2025	20250000257125
827801852	25.05.2024	20240000445240
827801852	08.06.2023	20230000338275
827801852	17.04.2023	20230000188915
827801852	16.02.2023	20230000064072
827801852	10.12.2022	20220000779508
827801852	14.11.2022	20220000740169
827801852	08.09.2022	20220000645680
827801852	30.05.2022	20220000254817
827801852	03.01.2022	20220000002340
827801852	06.12.2021	20210000750483
827801852	24.09.2021	20210000584973
827802042	13.04.2026	20260000171453
827802042	26.05.2025	20250000322673
827802042	15.07.2024	20240000707722
827802042	13.05.2023	20230000252090
827802042	10.05.2023	20230000242054
827802042	20.02.2023	20230000068611
827802042	23.04.2022	20220000158104
827802042	17.11.2021	20210000722371
827802042	24.09.2021	20210000584883
827802352	05.08.2025	20250000675889
827802352	03.08.2024	20240000799422
827802352	02.08.2023	20230000587431
827802352	06.10.2022	20220000685194
827802352	27.09.2021	20210000592748
827803022	21.05.2026	20260000285776
827803022	24.02.2026	20260000076229
827803022	02.07.2025	20250000516613
827803022	09.04.2025	20250000175940
827803022	26.06.2024	20240000600982
827803022	17.06.2024	20240000553425
827803022	13.03.2024	20240000292379
827803022	23.10.2023	20230000753355
827803022	19.06.2023	20230000373198
827803022	14.03.2023	20230000115130
827803022	22.10.2022	20220000706028
827803022	27.06.2022	20220000377825
827803022	24.09.2021	20210000585397
827804622	05.08.2025	20250000677453
827804622	14.10.2021	20210000653608
827806412	23.03.2026	20260000134366
827806412	04.03.2026	20260000094115
827806412	14.04.2025	20250000186265
827806412	06.03.2024	20240000280087
827806412	24.04.2023	20230000203894
827806412	10.03.2022	20220000095778
827806412	28.09.2021	20210000599002
827807702	15.05.2024	20240000421208
827807702	01.01.2024	20240000028535
827807702	25.09.2021	20210000585775
827808032	30.09.2021	20210000612099
827808032	25.09.2021	20210000586072
827808482	10.07.2025	20250000568248
827808482	27.07.2024	20240000765376
827808482	20.12.2023	20230000831996
827808482	10.07.2023	20230000482320
827808482	23.05.2022	20220000232024
827808482	25.09.2021	20210000586262
827808512	05.05.2026	20260000240408
827808512	12.03.2026	20260000111233
827808512	03.04.2025	20250000163344
827808512	11.05.2024	20240000410775
827808512	07.02.2024	20240000240238
827808512	01.01.2024	20240000065975
827808512	22.05.2023	20230000265717
827808512	25.05.2022	20220000243059
827808512	17.11.2021	20210000723239
827808512	27.09.2021	20210000597461
827808652	10.06.2026	20260000365011
827808652	10.04.2025	20250000179972
827808652	01.04.2025	20250000156651
827808652	24.06.2024	20240000585274
827808652	26.03.2024	20240000318189
827808652	01.01.2024	20240000002208
827808652	14.08.2023	20230000627961
827808652	13.04.2023	20230000179781
827808652	08.08.2022	20220000582182
827808652	24.01.2022	20220000033572
827808652	15.10.2021	20210000657229
827808792	16.10.2023	20230000744246
827808792	11.08.2023	20230000624273
827808792	09.06.2022	20220000299415
827808792	27.09.2021	20210000592600
827808822	12.03.2024	20240000290200
827808822	01.01.2024	20240000141786
827808822	12.04.2023	20230000178280
827808822	03.11.2021	20210000699204
827809292	21.05.2026	20260000287312
827809292	28.04.2025	20250000210216
827809292	22.04.2024	20240000366373
827809292	01.01.2024	20240000116506
827809292	08.05.2023	20230000234642
827809292	05.05.2022	20220000186841
827809292	25.09.2021	20210000586584
827809322	18.06.2025	20250000430172
827809322	19.06.2024	20240000564266
827809322	08.06.2023	20230000338276
827809322	08.02.2023	20230000051652
827809322	25.07.2022	20220000513428
827809322	25.09.2021	20210000586585
827809462	09.12.2024	20240001011438
827809462	18.10.2024	20240000937442
827809462	03.10.2024	20240000914157
827809462	24.08.2023	20230000659977
827809462	01.08.2023	20230000579938
827809462	05.10.2021	20210000631612
827809942	24.07.2025	20250000620584
827809942	20.07.2024	20240000734374
827809942	12.08.2023	20230000624741
827809942	20.02.2023	20230000066948
827809942	03.08.2022	20220000568456
827809942	21.07.2022	20220000495203
827809942	06.01.2022	20220000008412
827809942	14.10.2021	20210000654207
827810002	28.07.2025	20250000634410
827810002	02.08.2024	20240000798176
827810002	19.06.2024	20240000564267
827810002	27.06.2023	20230000413215
827810002	23.06.2022	20220000364296
827810002	21.10.2021	20210000669069
827810282	28.05.2026	20260000312454
827810282	30.06.2025	20250000492851
827810282	24.03.2025	20250000136574
827810282	04.11.2024	20240000961898
827810282	25.06.2024	20240000594496
827810282	03.06.2024	20240000490484
827810282	16.09.2023	20230000697499
827810282	02.08.2023	20230000586643
827810282	29.07.2023	20230000564423
827810282	25.09.2021	20210000586688
827810452	26.06.2025	20250000473097
827810452	24.05.2025	20250000315396
827810452	01.06.2024	20240000480453
827810452	18.05.2024	20240000425452
827810452	01.01.2024	20240000055161
827810452	14.09.2023	20230000694102
827810452	17.06.2023	20230000368804
827810452	23.03.2022	20220000115325
827810452	18.11.2021	20210000723626
827810452	17.11.2021	20210000722729
827810452	12.10.2021	20210000647398
827810452	25.09.2021	20210000586698
827810592	25.06.2025	20250000464749
827810592	24.05.2025	20250000315397
827810592	18.05.2024	20240000425453
827810592	01.01.2024	20240000055162
827810592	26.06.2023	20230000404249
827810592	05.03.2022	20220000088056
827810592	16.11.2021	20210000720041
827810592	12.10.2021	20210000647399
827810592	25.09.2021	20210000586717
827810622	24.06.2025	20250000456076
827810622	30.04.2025	20250000217074
827810622	21.01.2025	20250000026584
827810622	29.06.2024	20240000618265
827810622	05.02.2024	20240000237006
827810622	12.06.2023	20230000349099
827810622	28.02.2022	20220000079375
827810622	18.01.2022	20220000026221
827810622	28.09.2021	20210000598461
827810762	18.06.2025	20250000430173
827810762	16.07.2024	20240000715624
827810762	01.01.2024	20240000058070
827810762	08.08.2023	20230000612971
827810762	23.05.2022	20220000232025
827810762	09.11.2021	20210000708759
827810932	12.03.2026	20260000110970
827810932	25.06.2025	20250000465346
827810932	20.06.2025	20250000442712
827810932	09.07.2024	20240000681954
827810932	22.07.2023	20230000531219
827810932	13.07.2023	20230000499333
827810932	14.07.2022	20220000469202
827810932	29.03.2022	20220000124762
827810932	08.02.2022	20220000054174
827810932	08.12.2021	20210000753689
827810932	16.11.2021	20210000720137
827810932	18.10.2021	20210000659631
827810932	25.09.2021	20210000586744
827811092	30.05.2024	20240000470879
827811092	08.02.2024	20240000242104
827811092	30.01.2024	20240000230083
827811092	01.01.2024	20240000030807
827811092	13.09.2023	20230000693055
827811092	24.04.2023	20230000203895
827811092	25.09.2021	20210000586754
827814202	10.06.2025	20250000391827
827814202	23.06.2023	20230000394123
827814962	28.07.2025	20250000634411
827814962	03.04.2025	20250000162821
827814962	24.01.2025	20250000031703
827814962	17.01.2025	20250000021909
827814962	26.06.2024	20240000601776
827814962	22.06.2023	20230000389696
827814962	14.06.2022	20220000320475
827814962	28.01.2022	20220000040696
827814962	28.12.2021	20210000779333
827814962	27.09.2021	20210000597533
827815012	27.09.2021	20210000592455
827815292	11.04.2023	20230000172972
827815292	23.06.2022	20220000363289
827815292	27.09.2021	20210000592632
827815772	04.10.2025	20250000773865
827815772	03.10.2025	20250000772166
827815772	18.01.2024	20240000213179
827815772	10.01.2024	20240000201134
827815772	27.10.2023	20230000761375
827815772	16.10.2023	20230000743622
827815772	09.11.2022	20220000732795
827815772	19.07.2022	20220000486799
827815772	02.03.2022	20220000083649
827815772	06.12.2021	20210000750600
827815772	10.11.2021	20210000710866
827815772	18.10.2021	20210000662075
827815772	06.10.2021	20210000634529
827815772	27.09.2021	20210000592570
827815802	28.06.2025	20250000483917
827815802	29.06.2024	20240000618266
827815802	24.06.2023	20230000395440
827815802	05.07.2022	20220000421780
827815802	27.09.2021	20210000592403
827815942	09.07.2025	20250000561335
827815942	18.09.2024	20240000891926
827815942	17.09.2024	20240000889922
827815942	03.08.2024	20240000799423
827815942	30.07.2024	20240000781383
827815942	10.01.2024	20240000199667
827815942	11.12.2023	20230000816534
827815942	04.12.2023	20230000808341
827815942	15.08.2023	20230000633240
827815942	21.11.2022	20220000749405
827815942	27.10.2022	20220000713017
827815942	04.06.2022	20220000286501
827815942	14.12.2021	20210000760634
827815942	23.11.2021	20210000731056
827815942	27.09.2021	20210000592406
827816302	28.10.2024	20240000950883
827816302	23.07.2024	20240000746712
827816302	03.07.2024	20240000648322
827816302	01.01.2024	20240000058034
827816302	05.06.2023	20230000324168
827816302	05.07.2022	20220000421781
827816302	27.09.2021	20210000592443
827816612	02.05.2026	20260000224255
827816612	06.05.2025	20250000229929
827816612	19.06.2024	20240000564268
827816612	01.01.2024	20240000025124
827816612	21.06.2023	20230000384389
827816612	09.05.2022	20220000192986
827816612	28.09.2021	20210000599005
827817082	24.06.2025	20250000457143
827817082	20.06.2024	20240000572733
827817082	01.01.2024	20240000098479
827817082	31.05.2023	20230000302100
827817082	06.08.2022	20220000577069
827817082	27.09.2021	20210000592513
827817252	09.10.2025	20250000781225
827817252	12.03.2025	20250000110855
827817252	27.09.2024	20240000905379
827817252	22.04.2024	20240000366374
827817252	21.03.2024	20240000310170
827817252	16.05.2023	20230000258838
827817252	16.11.2022	20220000743020
827817252	15.03.2022	20220000102320
827817252	27.09.2021	20210000592517
827817422	02.06.2026	20260000333594
827817422	02.06.2025	20250000356395
827817422	30.05.2024	20240000472596
827817422	01.01.2024	20240000002194
827817422	31.05.2023	20230000302101
827817422	02.08.2022	20220000557335
827817422	27.09.2021	20210000592541
827817562	06.12.2024	20240001009539
827817562	20.06.2024	20240000572734
827817562	11.05.2023	20230000245599
827817562	02.06.2022	20220000277889
827817562	27.09.2021	20210000592547
827817902	21.04.2026	20260000191877
827817902	17.03.2025	20250000122611
827817902	13.05.2024	20240000413931
827817902	01.01.2024	20240000055171
827817902	24.04.2023	20230000203896
827817902	16.05.2022	20220000214175
827817902	27.09.2021	20210000592577
827819492	19.05.2025	20250000293606
827819492	08.08.2024	20240000820638
827819492	01.01.2024	20240000080223
827819492	29.06.2023	20230000426837
827819492	18.07.2022	20220000480116
827819492	29.09.2021	20210000602704
827821292	28.03.2026	20260000147266
827821292	26.03.2025	20250000142673
827821292	10.11.2024	20240000968191
827821292	04.06.2024	20240000503170
827821292	01.01.2024	20240000118853
827821292	11.05.2023	20230000245600
827821292	02.07.2022	20220000404976
827821292	28.09.2021	20210000598755
827821632	16.12.2017	20170000679142
827821632	25.10.2017	20170000608815
827821632	01.08.2017	20170000476442
827821632	10.11.2016	20160000589760
827821632	11.10.2016	20160000549698
827821632	06.10.2016	20160000543790
827821632	21.06.2016	20160000255347
827821632	24.06.2015	20150000240747
827821632	14.06.2014	20140000207747
827821632	19.06.2013	20130000218665
827821632	16.06.2012	20120000205430
827821632	15.06.2011	20110000175915
827821632	24.06.2010	20100000219335
827821632	20.06.2009	20090000187743
827821632	24.06.2008	20080000208780
827821632	30.05.2007	20070000138929
827821632	19.06.2006	20060000214047
827821632	21.05.2005	20050000108731
827821632	15.06.2004	20040000173110
827821632	24.05.2003	20030000114015
827821632	17.02.2003	20030000028721
827821632	28.05.2002	20020000122334
827821632	26.06.2001	20010000144398
827821632	29.06.2000	20000000131952
827822442	26.11.2022	20220000759268
827822442	26.09.2022	20220000671016
827822442	29.09.2021	20210000602186
827823112	28.09.2021	20210000598015
827823392	16.08.2022	20220000606723
827823392	15.08.2022	20220000603980
827823392	23.05.2022	20220000236942
827823392	21.05.2022	20220000226692
827823392	03.05.2022	20220000180951
827823392	12.04.2022	20220000148889
827823392	15.01.2022	20220000022380
827823392	13.01.2022	20220000020372
827823392	29.09.2021	20210000602149
827826332	02.05.2026	20260000226975
827826332	10.12.2025	20250000873076
827826332	17.06.2025	20250000424118
827826332	08.07.2024	20240000674113
827826332	06.03.2023	20230000099887
827826332	05.05.2022	20220000186842
827826332	08.02.2022	20220000053963
827826332	28.09.2021	20210000598766
827826812	17.03.2026	20260000119378
827826812	21.07.2025	20250000604827
827826812	03.07.2024	20240000648323
827826812	24.06.2023	20230000395441
827826812	19.01.2023	20230000026916
827826812	25.08.2022	20220000623365
827826812	19.08.2022	20220000612924
827826812	07.10.2021	20210000636972
827826952	28.01.2026	20260000034197
827826952	02.12.2025	20250000857776
827826952	29.08.2025	20250000719484
827826952	26.05.2025	20250000322674
827826952	02.07.2024	20240000638105
827826952	01.01.2024	20240000098486
827826952	03.06.2023	20230000316122
827826952	28.09.2021	20210000598617
827827142	26.07.2025	20250000629250
827827142	02.07.2024	20240000636902
827827142	23.05.2024	20240000439548
827827142	01.01.2024	20240000014988
827827142	08.05.2023	20230000234643
827827142	09.05.2022	20220000192987
827827142	28.09.2021	20210000598645
827828262	10.06.2026	20260000365012
827828262	18.06.2025	20250000430174
827828262	24.06.2024	20240000585919
827828262	01.01.2024	20240000181251
827828262	10.06.2023	20230000343480
827828262	20.04.2023	20230000196218
827828262	30.05.2022	20220000254818
827828262	28.09.2021	20210000598769
827828882	03.09.2025	20250000725522
827828882	19.08.2025	20250000705102
827828882	14.06.2025	20250000410717
827828882	11.04.2024	20240000344124
827828882	27.04.2023	20230000212597
827828882	07.03.2023	20230000101685
827828882	11.01.2023	20230000015198
827828882	28.09.2021	20210000598818
827829072	30.10.2024	20240000957028
827829072	30.05.2024	20240000471285
827829072	15.03.2024	20240000296313
827829072	01.01.2024	20240000061371
827829072	19.10.2022	20220000701476
827829072	17.02.2022	20220000065249
827829072	28.09.2021	20210000599015
827829552	25.04.2026	20260000206677
827829552	01.04.2025	20250000157163
827829552	20.03.2024	20240000307741
827829552	01.01.2024	20240000080899
827829552	02.05.2023	20230000218068
827829552	04.07.2022	20220000413980
827829552	28.09.2021	20210000598831
827829722	28.05.2026	20260000312455
827829722	05.06.2025	20250000383989
827829722	06.06.2024	20240000513970
827829722	16.10.2023	20230000743547
827829722	03.07.2023	20230000440615
827829722	18.07.2022	20220000480117
827829722	12.07.2022	20220000457741
827829722	20.01.2022	20220000030258
827829722	07.12.2021	20210000752310
827829722	28.09.2021	20210000598857
827830372	30.07.2025	20250000646312
827830372	27.11.2024	20240000994019
827830372	15.07.2024	20240000706829
827830372	26.06.2024	20240000601777
827830372	28.05.2024	20240000458194
827830372	17.01.2024	20240000210977
827830372	01.01.2024	20240000055173
827830372	13.12.2023	20230000819642
827830372	04.07.2023	20230000456569
827830372	03.06.2023	20230000316123
827830372	30.03.2023	20230000161464
827830372	13.04.2022	20220000149537
827830372	05.03.2022	20220000088057
827830372	29.09.2021	20210000601938
827830712	25.09.2023	20230000710799
827830712	21.08.2023	20230000648378
827830712	28.09.2021	20210000598927
827831182	30.09.2021	20210000612106
827831182	28.09.2021	20210000598968
827832782	03.03.2026	20260000091558
827832782	13.03.2025	20250000113837
827832782	02.04.2024	20240000321836
827832782	15.05.2023	20230000254189
827832782	18.01.2022	20220000027141
827832782	28.09.2021	20210000599125
827833142	04.08.2025	20250000666643
827833142	03.08.2024	20240000799424
827833142	02.08.2023	20230000587432
827833142	02.07.2022	20220000404977
827833142	29.09.2021	20210000601970
827833622	27.05.2026	20260000304172
827833622	03.04.2026	20260000154679
827833622	27.05.2025	20250000331075
827833622	18.05.2024	20240000425454
827833622	29.06.2023	20230000426838
827833622	25.06.2022	20220000371809
827833622	20.10.2021	20210000665023
827833932	01.06.2026	20260000325273
827833932	03.06.2025	20250000370202
827833932	28.05.2024	20240000458619
827833932	01.01.2024	20240000127573
827833932	08.05.2023	20230000234644
827833932	01.06.2022	20220000269410
827833932	29.09.2021	20210000602491
827834092	15.07.2025	20250000586020
827834092	03.09.2024	20240000868457
827834092	27.06.2023	20230000413216
827834092	29.09.2021	20210000602118
827834262	08.09.2025	20250000731783
827834262	22.10.2024	20240000943648
827834262	01.01.2024	20240000127572
827834262	13.09.2023	20230000693530
827834262	22.08.2022	20220000616813
827834262	22.10.2021	20210000671568
827834262	29.09.2021	20210000602127
827834432	10.11.2025	20250000828891
827834432	15.08.2024	20240000836092
827834432	10.07.2023	20230000482321
827834432	21.02.2022	20220000068935
827834432	29.09.2021	20210000602133
827834572	10.06.2026	20260000364440
827834572	01.11.2025	20250000814735
827834572	15.05.2025	20250000272369
827834572	13.04.2024	20240000347958
827834572	05.01.2024	20240000193414
827834572	14.06.2023	20230000359701
827834572	24.05.2023	20230000278050
827834572	14.07.2022	20220000469203
827834572	29.09.2021	20210000602439
827834912	17.06.2025	20250000424119
827834912	22.06.2024	20240000579063
827834912	28.05.2024	20240000458082
827834912	01.01.2024	20240000148741
827834912	05.07.2023	20230000462451
827834912	23.06.2022	20220000364297
827834912	29.09.2021	20210000602190
827835102	28.05.2026	20260000312456
827835102	29.09.2025	20250000763763
827835102	14.07.2025	20250000579726
827835102	10.07.2024	20240000689130
827835102	01.01.2024	20240000169975
827835102	10.11.2023	20230000780146
827835102	24.05.2023	20230000276741
827835102	22.05.2023	20230000265718
827835102	23.12.2022	20220000800121
827835102	11.06.2022	20220000305912
827835102	29.09.2021	20210000602168
827835412	24.02.2026	20260000077554
827835412	24.02.2025	20250000077769
827835412	29.02.2024	20240000270753
827835412	27.02.2024	20240000267204
827835412	28.02.2023	20230000086813
827835412	07.03.2022	20220000090039
827835412	29.09.2021	20210000602196
827835552	10.06.2026	20260000365013
827835552	17.10.2025	20250000792781
827835552	01.07.2025	20250000505212
827835552	20.01.2025	20250000023553
827835552	28.05.2024	20240000458620
827835552	15.01.2024	20240000206281
827835552	15.05.2023	20230000254190
827835552	08.06.2022	20220000297103
827835552	15.02.2022	20220000062462
827835552	30.12.2021	20210000781573
827835552	07.12.2021	20210000752766
827835552	18.10.2021	20210000662241
827835552	29.09.2021	20210000602343
827835692	23.03.2026	20260000134652
827835692	20.03.2025	20250000131398
827835692	07.05.2024	20240000404575
827835692	01.01.2024	20240000018488
827835692	29.03.2023	20230000152377
827835692	15.03.2023	20230000117862
827835692	19.04.2022	20220000151449
827835692	29.09.2021	20210000602202
827835722	05.05.2025	20250000224657
827835722	10.07.2024	20240000689131
827835722	01.01.2024	20240000152178
827835722	09.09.2023	20230000687257
827835722	22.07.2023	20230000531220
827835722	06.03.2023	20230000098158
827835722	23.07.2022	20220000504247
827835722	19.05.2022	20220000221079
827835722	26.04.2022	20220000165242
827835722	19.01.2022	20220000029459
827835722	29.09.2021	20210000602317
827836672	31.07.2025	20250000652781
827836672	28.01.2025	20250000035691
827836672	20.01.2025	20250000024539
827836672	29.02.2024	20240000270648
827836672	18.01.2024	20240000212073
827836672	01.01.2024	20240000112505
827836672	06.11.2023	20230000773727
827836672	07.09.2023	20230000685455
827836672	02.09.2023	20230000676456
827836672	31.08.2023	20230000674306
827836672	22.02.2022	20220000072475
827836672	07.12.2021	20210000752421
827836672	29.09.2021	20210000602873
827837172	26.06.2025	20250000473863
827837172	17.07.2024	20240000721951
827837172	01.01.2024	20240000148742
827837172	08.06.2023	20230000338277
827837172	07.07.2022	20220000436682
827837172	22.12.2021	20210000773802
827837172	29.09.2021	20210000606381
827837202	01.10.2024	20240000910634
827837202	04.04.2024	20240000326751
827837202	27.10.2021	20210000684052
827839752	24.12.2025	20250000898329
827839752	24.06.2025	20250000457144
827839752	08.07.2024	20240000674114
827839752	01.01.2024	20240000035432
827839752	03.07.2023	20230000440616
827839752	25.07.2022	20220000513429
827839752	29.09.2021	20210000602694
827840602	04.05.2026	20260000231908
827840602	24.04.2026	20260000205221
827840602	13.01.2026	20260000012089
827840602	11.07.2025	20250000573178
827840602	24.05.2025	20250000315398
827840602	13.08.2024	20240000829667
827840602	12.06.2024	20240000534643
827840602	25.05.2024	20240000445241
827840602	01.01.2024	20240000058042
827840602	11.04.2023	20230000173734
827840602	29.09.2021	20210000602808
827841552	23.04.2026	20260000201112
827841552	28.06.2025	20250000483918
827841552	28.02.2025	20250000087686
827841552	03.09.2024	20240000868458
827841552	01.01.2024	20240000106859
827841552	31.07.2023	20230000572796
827841552	29.09.2021	20210000602897
827842672	09.07.2025	20250000561336
827842672	15.11.2024	20240000976542
827842672	12.08.2024	20240000826677
827842672	18.07.2024	20240000728615
827842672	10.07.2024	20240000687450
827842672	25.09.2023	20230000708676
827842672	09.08.2023	20230000617409
827842672	29.09.2022	20220000675921
827842672	12.07.2022	20220000458167
827842672	20.01.2022	20220000029607
827842672	19.01.2022	20220000028660
827842672	15.12.2021	20210000763785
827842672	26.11.2021	20210000737808
827842672	18.10.2021	20210000662101
827842672	01.10.2021	20210000613325
827842842	23.04.2025	20250000196625
827842842	04.05.2024	20240000394999
827842842	09.04.2024	20240000337528
827842842	01.01.2024	20240000124253
827842842	25.09.2023	20230000709522
827842842	25.07.2023	20230000545877
827842842	16.02.2022	20220000064068
827842842	01.02.2022	20220000044620
827842842	30.09.2021	20210000606900
827843172	01.01.2024	20240000118855
827843172	30.09.2021	20210000606898
827843512	04.08.2025	20250000666644
827843512	31.07.2024	20240000782855
827843512	01.01.2024	20240000078648
827843512	10.07.2023	20230000482322
827843512	02.06.2022	20220000277891
827843512	30.09.2021	20210000607831
827843962	26.05.2026	20260000298321
827843962	17.06.2025	20250000424120
827843962	22.06.2024	20240000579064
827843962	01.01.2024	20240000043568
827843962	03.07.2023	20230000440618
827843962	01.06.2022	20220000269411
827843962	30.09.2021	20210000607207
827847232	28.10.2025	20250000807591
827847232	13.09.2025	20250000739545
827847232	17.07.2025	20250000596233
827847232	08.07.2024	20240000674115
827847232	20.05.2023	20230000262434
827847232	03.05.2023	20230000222774
827847232	09.07.2022	20220000444054
827847232	06.07.2022	20220000428656
827847232	21.12.2021	20210000771104
827847232	29.11.2021	20210000741455
827847232	14.10.2021	20210000656284
827847232	30.09.2021	20210000607725
827847542	07.03.2026	20260000099681
827847542	17.03.2025	20250000122612
827847542	23.03.2024	20240000312657
827847542	03.04.2023	20230000167015
827847542	31.05.2022	20220000264171
827847542	07.12.2021	20210000752509
827847542	30.09.2021	20210000607779
827848042	25.02.2025	20250000081710
827848042	21.10.2024	20240000941262
827848042	11.10.2024	20240000926591
827848042	30.08.2024	20240000863211
827848042	07.05.2024	20240000404576
827848042	26.04.2024	20240000378751
827848042	16.10.2023	20230000741983
827848042	29.03.2023	20230000152862
827848042	15.02.2023	20230000061350
827848042	25.01.2023	20230000033707
827848042	29.09.2022	20220000675915
827848042	18.07.2022	20220000480118
827848042	05.02.2022	20220000049100
827848042	17.01.2022	20220000022704
827848042	05.10.2021	20210000631065
827848182	17.12.2025	20250000887366
827848182	15.12.2025	20250000880255
827848182	14.08.2025	20250000696519
827848182	19.06.2025	20250000437376
827848182	10.07.2024	20240000689132
827848182	09.08.2023	20230000617410
827848182	08.08.2022	20220000582799
827848182	13.10.2021	20210000651723
827848832	30.09.2021	20210000607947
827849642	23.07.2025	20250000617026
827849642	21.08.2024	20240000846875
827849642	06.07.2024	20240000664537
827849642	23.10.2023	20230000753198
827849642	24.07.2023	20230000537187
827849642	31.01.2023	20230000042273
827849642	11.07.2022	20220000451679
827849642	30.09.2021	20210000608026
827850012	21.02.2026	20260000071769
827850012	29.03.2025	20250000149869
827850012	24.01.2025	20250000032413
827850012	21.02.2024	20240000258480
827850012	10.05.2023	20230000242055
827850012	23.06.2022	20220000364298
827850012	01.10.2021	20210000612466
827850772	10.06.2026	20260000365014
827850772	03.01.2026	20260000000054
827850772	28.05.2025	20250000338507
827850772	29.04.2024	20240000383397
827850772	01.01.2024	20240000098498
827850772	24.07.2023	20230000537188
827850772	26.07.2022	20220000520447
827850772	01.10.2021	20210000612334
827851272	12.01.2023	20230000017716
827851272	02.06.2022	20220000277892
827851272	05.01.2022	20220000005190
827851272	01.10.2021	20210000612467
827851442	02.06.2025	20250000356396
827851442	03.08.2024	20240000799425
827851442	01.01.2024	20240000116519
827851442	27.07.2023	20230000558517
827851442	02.06.2022	20220000277893
827851442	01.10.2021	20210000612469
827851612	22.10.2024	20240000942355
827851612	10.08.2024	20240000823683
827851612	06.06.2024	20240000513287
827851612	01.01.2024	20240000186358
827851612	05.08.2023	20230000605266
827851612	01.08.2022	20220000547870
827851612	01.10.2021	20210000612543
827852112	03.06.2025	20250000376062
827852112	27.05.2025	20250000331076
827852112	04.03.2025	20250000095705
827852112	13.04.2024	20240000347959
827852112	23.01.2024	20240000219442
827852112	01.01.2024	20240000129905
827852112	16.12.2023	20230000825381
827852112	24.06.2023	20230000395442
827852112	10.05.2023	20230000242056
827852112	14.12.2022	20220000785737
827852112	20.10.2022	20220000703536
827852112	15.08.2022	20220000601618
827852112	20.07.2022	20220000490483
827852112	04.10.2021	20210000622119
827853542	15.05.2025	20250000272370
827853542	22.07.2024	20240000742335
827853542	27.06.2023	20230000413217
827853542	04.11.2021	20210000702769
827855022	06.06.2026	20260000351038
827855022	02.04.2025	20250000160035
827855022	15.04.2024	20240000351520
827855022	03.08.2023	20230000601546
827855022	17.01.2022	20220000022939
827855022	01.10.2021	20210000613163
827855472	24.03.2023	20230000140266
827855472	24.01.2023	20230000032094
827855472	01.10.2021	20210000613353
827857092	12.05.2025	20250000255714
827857092	19.02.2025	20250000067998
827857092	06.10.2022	20220000685539
827857092	14.02.2022	20220000061250
827857092	02.10.2021	20210000613546
827857432	17.02.2025	20250000063383
827857432	23.09.2024	20240000897221
827857432	06.09.2023	20230000683293
827857432	22.08.2022	20220000616814
827857432	06.10.2021	20210000634827
827857602	20.06.2023	20230000378834
827857602	13.06.2022	20220000313402
827857602	02.10.2021	20210000613961
827857882	07.06.2025	20250000388688
827857882	23.03.2024	20240000312658
827857882	01.01.2024	20240000178199
827857882	29.03.2023	20230000152863
827857882	09.11.2022	20220000732686
827857882	07.03.2022	20220000090040
827857882	02.10.2021	20210000614063
827857912	24.07.2025	20250000620585
827857912	09.07.2024	20240000681955
827857912	02.05.2024	20240000390233
827857912	25.09.2023	20230000709479
827857912	19.06.2023	20230000373199
827857912	22.12.2021	20210000772429
827858692	03.06.2025	20250000370203
827858692	22.06.2024	20240000579065
827858692	01.01.2024	20240000159810
827858692	13.07.2023	20230000500391
827858692	02.07.2022	20220000404978
827858692	08.02.2022	20220000053543
827858692	08.12.2021	20210000754768
827858692	19.10.2021	20210000664496
827858692	06.10.2021	20210000634945
827859222	01.08.2024	20240000790119
827859222	01.01.2024	20240000186000
827859222	13.01.2022	20220000019422
827859222	22.11.2021	20210000729812
827859362	22.04.2024	20240000369670
827859362	18.01.2024	20240000212317
827859362	01.01.2024	20240000078654
827859362	24.07.2023	20230000537189
827859362	22.09.2022	20220000665205
827859362	04.10.2021	20210000622414
827859532	02.05.2026	20260000224256
827859532	31.03.2025	20250000153080
827859532	08.05.2024	20240000407512
827859532	06.05.2023	20230000230238
827859532	02.10.2021	20210000620530